BEGIN;
INSERT INTO `user` (`id`, `email`, `nickname`, `phone`, `identity_card_id`, `gender`, `created_date_time`,
                    `updated_date_time`, `birthday`, `enabled`, `locked`, `profile_photo_id`, `description`, `region`,
                    `professional`, `school`, `background_photo_id`, `level`)
VALUES ('1', 'xu1970@icloud.com', '徐震南', '13365917711', 'D7DuABH5ce', 2, '2001-01-30 12:22:42',
        '2021-10-20 08:28:31', '2006-10-26 15:07:36', 1, 0, 'tHPSgp15dQ', 'L9CNbmXZwn', 'Greece', 'HWmJbel6QG',
        'YfQ9p5Dqzz', 'yxlCuGuRfO', 1);
INSERT INTO `user` (`id`, `email`, `nickname`, `phone`, `identity_card_id`, `gender`, `created_date_time`,
                    `updated_date_time`, `birthday`, `enabled`, `locked`, `profile_photo_id`, `description`, `region`,
                    `professional`, `school`, `background_photo_id`, `level`)
VALUES ('10', 'llan@gmail.com', '廖岚', '1-5787-3479', 'rzEx07QNpC', 1, '2000-02-20 22:33:15', '2006-06-14 00:00:17',
        '2018-05-26 19:14:38', 0, 1, 's4fXTEJ1P1', 'nx5nn4DVHc', 'Hungary', 'hc5fZPkCxH', 'mWtZfDg9sD', 'Wk4BEbGkjf',
        2);
INSERT INTO `user` (`id`, `email`, `nickname`, `phone`, `identity_card_id`, `gender`, `created_date_time`,
                    `updated_date_time`, `birthday`, `enabled`, `locked`, `profile_photo_id`, `description`, `region`,
                    `professional`, `school`, `background_photo_id`, `level`)
VALUES ('2', 'xialu56@icloud.com', '夏璐', '7358-5178', 'uf0JM88QYb', 2, '2014-09-10 14:36:00', '2001-06-26 10:15:56',
        '2015-05-16 12:37:14', 0, 1, 'bTtk8NwuNA', 'vHjWL8lEeX', 'São Tomé and Príncipe', '5zbn7s9HAt', 'nRJ14EluJ2',
        'aiAJpPlqnb', 1);
INSERT INTO `user` (`id`, `email`, `nickname`, `phone`, `identity_card_id`, `gender`, `created_date_time`,
                    `updated_date_time`, `birthday`, `enabled`, `locked`, `profile_photo_id`, `description`, `region`,
                    `professional`, `school`, `background_photo_id`, `level`)
VALUES ('3', 'yuningh@yahoo.com', '何宇宁', '11-3876-0718', '0ws1LCABPS', 1, '2008-07-03 19:33:30',
        '2015-04-27 08:00:03', '2017-08-11 23:01:51', 1, 1, '7lZsHE0lHy', 'wjE2au8ABl', 'Argentina', 'HEXSGFAAIs',
        'VR2oA3GGt2', 'eiR6NdYweT', 1);
INSERT INTO `user` (`id`, `email`, `nickname`, `phone`, `identity_card_id`, `gender`, `created_date_time`,
                    `updated_date_time`, `birthday`, `enabled`, `locked`, `profile_photo_id`, `description`, `region`,
                    `professional`, `school`, `background_photo_id`, `level`)
VALUES ('4', 'jiangxiaoming424@gmail.com', '姜晓明', '1-9268-8469', '5NVXEIM8ek', 2, '2008-11-21 05:33:05',
        '2003-08-15 07:45:41', '2002-12-28 20:32:13', 1, 1, '6jOymBA3qA', 'BOmqJVsKWt', 'Tunisia', '9YDuRB0L9k',
        'LCaIMQERoK', 'tQBrCyARSJ', 1);
INSERT INTO `user` (`id`, `email`, `nickname`, `phone`, `identity_card_id`, `gender`, `created_date_time`,
                    `updated_date_time`, `birthday`, `enabled`, `locked`, `profile_photo_id`, `description`, `region`,
                    `professional`, `school`, `background_photo_id`, `level`)
VALUES ('5', 'song10@outlook.com', '宋子韬', '33-1780-6032', 'yOKi0o2liz', 1, '2004-01-30 13:40:50',
        '2006-09-12 08:12:26', '2012-08-04 03:46:34', 1, 0, 'As7z2czRiy', '2tjV6G6YZD', 'Bosnia and Herzegovina',
        'hTiCzqfj1J', '3gBSCRQ3N7', 'LRua7x5BVP', 1);
INSERT INTO `user` (`id`, `email`, `nickname`, `phone`, `identity_card_id`, `gender`, `created_date_time`,
                    `updated_date_time`, `birthday`, `enabled`, `locked`, `profile_photo_id`, `description`, `region`,
                    `professional`, `school`, `background_photo_id`, `level`)
VALUES ('6', 'canq@gmail.com', '陈安琪', '1-0319-9213', 'i7VEyrRYLe', 2, '2017-08-10 19:11:37', '2003-05-26 16:39:25',
        '2016-03-19 01:53:48', 1, 1, '74uVBOkBtl', 'qDtckoapHQ', 'Tunisia', 'abO7j0YyjO', 'igEo9h7y3I', 'QN5qBQpsBI',
        4);
INSERT INTO `user` (`id`, `email`, `nickname`, `phone`, `identity_card_id`, `gender`, `created_date_time`,
                    `updated_date_time`, `birthday`, `enabled`, `locked`, `profile_photo_id`, `description`, `region`,
                    `professional`, `school`, `background_photo_id`, `level`)
VALUES ('7', 'talan1@outlook.com', '陶岚', '5262-9953', 'bPe2CtUfjk', 0, '2013-05-27 10:23:26', '2015-08-09 03:59:21',
        '2002-09-22 21:43:18', 0, 0, '59ABxcrKa2', 'm801EheokH', 'Luxembourg', 'DKWUjOQrA3', 'fD9XrI0g8m', 'slJj3cnrRK',
        1);
INSERT INTO `user` (`id`, `email`, `nickname`, `phone`, `identity_card_id`, `gender`, `created_date_time`,
                    `updated_date_time`, `birthday`, `enabled`, `locked`, `profile_photo_id`, `description`, `region`,
                    `professional`, `school`, `background_photo_id`, `level`)
VALUES ('8', 'lxiaoming@yahoo.com', '刘晓明', '17-0753-7462', 'Tba5W3wTqm', 2, '2007-01-20 06:39:56',
        '2019-12-23 08:55:36', '2017-06-27 06:50:10', 0, 1, 'M4Tyn65SRw', 'c86Et5rTkC', 'Belarus', 'cwQxb46BGl',
        'qQh0Yq0vlL', 'rlsOgjoY2V', 1);
INSERT INTO `user` (`id`, `email`, `nickname`, `phone`, `identity_card_id`, `gender`, `created_date_time`,
                    `updated_date_time`, `birthday`, `enabled`, `locked`, `profile_photo_id`, `description`, `region`,
                    `professional`, `school`, `background_photo_id`, `level`)
VALUES ('9', 'lu310@gmail.com', '卢子异', '21-6839-3957', 'Gkm3anlA3F', 1, '2011-05-16 16:38:28',
        '2003-04-14 01:33:30', '2015-02-04 14:44:42', 1, 0, 'wnS7ekVznr', 'OJbi2gubWA', 'Romania', 'pYuI6GOnNf',
        'VVayD8uaoG', 'd0CSk5IPdk', 1);
COMMIT;

BEGIN;
INSERT INTO `role` (`id`, `name`, `title`, `created_date_time`, `updated_date_time`)
VALUES (1, 'ROLE_USER', '会员', '2021-01-17 11:20:59', '2014-05-14 01:01:40');
INSERT INTO `role` (`id`, `name`, `title`, `created_date_time`, `updated_date_time`)
VALUES (2, 'ROLE_ADMIN', '系统管理员', '2021-01-17 11:20:59', '2014-05-14 01:01:40');
COMMIT;

BEGIN;
INSERT INTO `user_role_associate` (`user_id`, `role_id`)
VALUES ('1', 1);
INSERT INTO `user_role_associate` (`user_id`, `role_id`)
VALUES ('2', 1);
INSERT INTO `user_role_associate` (`user_id`, `role_id`)
VALUES ('3', 1);
INSERT INTO `user_role_associate` (`user_id`, `role_id`)
VALUES ('4', 1);
INSERT INTO `user_role_associate` (`user_id`, `role_id`)
VALUES ('5', 1);
INSERT INTO `user_role_associate` (`user_id`, `role_id`)
VALUES ('6', 1);
INSERT INTO `user_role_associate` (`user_id`, `role_id`)
VALUES ('7', 1);
INSERT INTO `user_role_associate` (`user_id`, `role_id`)
VALUES ('8', 1);
INSERT INTO `user_role_associate` (`user_id`, `role_id`)
VALUES ('9', 1);
INSERT INTO `user_role_associate` (`user_id`, `role_id`)
VALUES ('10', 1);
COMMIT;

SET FOREIGN_KEY_CHECKS = 1;